<?xml version="1.0" encoding="UTF-8"?>
<!DOCTYPE mapper
  PUBLIC "-//mybatis.org//DTD Mapper 3.0//EN"
  "http://mybatis.org/dtd/mybatis-3-mapper.dtd">

<mapper namespace="com.spring.blog.comment.mapper.ICommentMapper">


	<resultMap type="com.spring.blog.command.CommentVO" id="commentMap">
		<id property="cmtNo" column="c_no" />
		<result property="stuNo" column="s_no"/>
		<result property="freeNo" column="f_no"/>
		<result property="resNo" column="r_no"/>
		<result property="interNo" column="i_no"/>
		<result property="jobNo" column="j_no"/>
  		<result property="cmtWriter" column="c_writer"/>
  		<result property="cmtComment" column="c_comment"/>
  		<result property="cmtDate" column="c_date"/>
  		<result property="cmtUpdatedate" column="c_updatedate"/>
		
	</resultMap>
	
	<!-- 댓글 등록 -->

	<insert id="scmtWrite">
		INSERT INTO comment_table(c_no, s_no, c_comment, c_writer)
		VALUES(c_no_seq.NEXTVAL, #{stuNo}, #{cmtComment}, #{cmtWriter})
	</insert>
	
	<insert id="fcmtWrite">
		INSERT INTO comment_table(c_no, f_no, c_comment, c_writer)
		VALUES(c_no_seq.NEXTVAL, #{freeNo}, #{cmtComment}, #{cmtWriter})
	</insert>
	
	<insert id="rcmtWrite">
		INSERT INTO comment_table(c_no, r_no, c_comment, c_writer)
		VALUES(c_no_seq.NEXTVAL, #{resNo}, #{cmtComment}, #{cmtWriter})
	</insert>
	
	<insert id="icmtWrite">
		INSERT INTO comment_table(c_no, i_no, c_comment, c_writer)
		VALUES(c_no_seq.NEXTVAL, #{interNo}, #{cmtComment}, #{cmtWriter})
	</insert>
	
	<insert id="jcmtWrite">
		INSERT INTO comment_table(c_no, j_no, c_comment, c_writer)
		VALUES(c_no_seq.NEXTVAL, #{jobNo}, #{cmtComment}, #{cmtWriter})
	</insert>
	
	<!-- 댓글 목록  -->
	
	<select id="scmtList" resultMap="commentMap">
		SELECT * FROM comment_table
		WHERE s_no = #{stuNo}
		ORDER BY c_no DESC
	</select>
	
	<select id="fcmtList" resultMap="commentMap">
		SELECT * FROM comment_table
		WHERE f_no = #{freeNo}
		ORDER BY c_no DESC
	</select>
	
	<select id="rcmtList" resultMap="commentMap">
		SELECT * FROM comment_table
		WHERE r_no = #{resNo}
		ORDER BY c_no DESC
	</select>
	
	<select id="icmtList" resultMap="commentMap">
		SELECT * FROM comment_table
		WHERE i_no = #{interNo}
		ORDER BY c_no DESC
	</select>
	
	<select id="jcmtList" resultMap="commentMap">
		SELECT * FROM comment_table
		WHERE j_no = #{jobNo}
		ORDER BY c_no DESC
	</select>
	
	<select id="icmtTotal" resultType="int">
		SELECT COUNT(*) FROM comment_table
		WHERE i_no = #{interNo}
		</select>

	<select id="scmtTotal" resultType="int">
		SELECT COUNT(*) FROM comment_table
		WHERE s_no = #{stuNo}
	</select>

	<select id="rcmtTotal" resultType="int">
		SELECT COUNT(*) FROM comment_table
		WHERE r_no = #{resNo}
	</select>

	<select id="fcmtTotal" resultType="int">
		SELECT COUNT(*) FROM comment_table
		WHERE f_no = #{freeNo}
	</select>
	
	
	
	<update id="cmtUpdate" >
		UPDATE comment_table
		SET c_comment = #{cmtComment}
		WHERE c_no = #{cmtNo}
	</update>	
	
	<delete id="cmtDelete" >
		DELETE FROM comment_table
		WHERE c_no = #{cmtNo}
	</delete>


</mapper>