<?xml version="1.0" encoding="UTF-8"?>
<!DOCTYPE mapper
  PUBLIC "-//mybatis.org//DTD Mapper 3.0//EN"
  "http://mybatis.org/dtd/mybatis-3-mapper.dtd">
  
<mapper namespace="com.spring.blog.free.mapper.IFreeBoardMapper">

		<resultMap type="com.spring.blog.command.FreeBoardVO" id="FreeMap">
			<id property="freeNo" column="f_no" />
			<result property="freeTitle" column="f_title" />
			<result property="freeWriter" column="f_writer" />
			<result property="freeDetail" column="f_detail" />
			<result property="freeRegdate" column="f_regdate" />
			<result property="freeUpdatedate" column="f_updatedate" />
			<result property="freeSubject" column="f_subject" />
			<result property="freeCount" column="f_count" />
			<result property="freeLikeCount" column="f_likeCount" />

		</resultMap>

	<sql id="search">
		<if test="condition == 'title'">
			WHERE f_title LIKE '%'||#{keyword}||'%'
		</if>
		<if test="condition == 'content'">
			WHERE f_detail LIKE '%'||#{keyword}||'%'
		</if>
		<if test="condition == 'writer'">
			WHERE f_writer LIKE '%'||#{keyword}||'%'
		</if>
		<if test="condition == 'passCheck'">
			WHERE f_subject LIKE '%'||#{keyword}||'%'
		</if>
	</sql>


	<insert id="write">
		INSERT INTO free_board(f_no, f_title, f_writer, f_detail, f_subject)
		VALUES(f_no_seq.NEXTVAL, #{freeTitle}, #{freeWriter}, #{freeDetail}, #{freeSubject})
	</insert>

	
	<select id="getList"
		resultMap="FreeMap">
		SELECT * FROM
			(
			SELECT ROWNUM as rn, tbl.* FROM
				(
				SELECT * FROM free_board
				<include refid="search" />
				ORDER BY f_no DESC
				) tbl
			)
		<![CDATA[
		WHERE rn > (#{pageNum} - 1) * #{countPerPage}
		AND rn <= #{pageNum} * #{countPerPage}
		]]>
	</select>

	<select id="getTotal" resultType="int">
		SELECT COUNT(*)
		FROM free_board
		<include refid="search" />
	</select>

	<select id="getDetail"
		resultMap="FreeMap">
		SELECT * FROM free_board
		WHERE f_no = #{freeNo}
	</select>

	
	<update id="update">
		UPDATE free_board
		SET f_title=#{freeTitle},
		f_detail=#{freeDetail}, f_updatedate = SYSDATE,
		f_subject=#{freeSubject},
		WHERE f_no=#{freeNo}
	</update>

	<update id="updateViewCnt">
		UPDATE free_board
		SET f_count = f_count + 1
		WHERE f_no=#{freeNo}
	</update>

	<delete id="delete">
		DELETE FROM free_board
		WHERE f_no=#{freeNo}
	</delete>

</mapper>