<?xml version="1.0" encoding="UTF-8"?>
<!DOCTYPE mapper
  PUBLIC "-//mybatis.org//DTD Mapper 3.0//EN"
  "http://mybatis.org/dtd/mybatis-3-mapper.dtd">
  
<mapper namespace="com.spring.blog.interview.mapper.IInterviewBoardMapper">

		<resultMap type="com.spring.blog.command.InterviewBoardVO" id="interviewMap">
			<id property="interNo" column="i_no" />
			<result property="interTitle" column="i_title" />
			<result property="interWriter" column="i_writer" />
			<result property="interDetail" column="i_detail" />
			<result property="interRegdate" column="i_regdate" />
			<result property="interUpdatedate" column="i_updatedate" />
			<result property="interJobtype" column="i_jobtype" />
			<result property="interResult" column="i_result" />
			<result property="interCount" column="i_count" />
			<result property="interLikeCount" column="i_likeCount" />
		</resultMap>

	<sql id="search">
		<if test="condition == 'title'">
			WHERE i_title LIKE '%'||#{keyword}||'%'
		</if>
		<if test="condition == 'content'">
			WHERE i_detail LIKE '%'||#{keyword}||'%'
		</if>
		<if test="condition == 'writer'">
			WHERE i_writer LIKE '%'||#{keyword}||'%'
		</if>
		<if test="condition == 'passCheck'">
			WHERE i_result LIKE #{keyword}
		</if>
		<if test="condition == 'jobCheck'">
			WHERE i_jobtype LIKE '%'||#{keyword}||'%'
		</if>
	</sql>


	<insert id="write">
		INSERT INTO interview_board(i_no, i_title, i_writer, i_detail, i_jobtype, i_result)
		VALUES(i_no_seq.NEXTVAL, #{interTitle}, #{interWriter}, #{interDetail}, #{interJobtype}, #{interResult})
	</insert>

	
	<select id="getList"
		resultMap="interviewMap">
		SELECT * FROM
			(
			SELECT ROWNUM as rn, tbl.* FROM
				(
				SELECT * FROM interview_board
				<include refid="search" />
				ORDER BY i_no DESC
				) tbl
			)
		<![CDATA[
		WHERE rn > (#{pageNum} - 1) * #{countPerPage}
		AND rn <= #{pageNum} * #{countPerPage}
		]]>
	</select>

	<select id="getTotal" resultType="int">
		SELECT COUNT(*)
		FROM interview_board
		<include refid="search" />
	</select>

	<select id="getDetail"
		resultMap="interviewMap">
		SELECT * FROM interview_board
		WHERE i_no = #{interNo}
	</select>

	<update id="update">
		UPDATE interview_board
		SET i_title=#{interTitle},
		i_detail=#{interDetail}, i_updatedate = SYSDATE,
		i_jobtype=#{interJobtype}, i_result=#{interResult}
		WHERE i_no=#{interNo}
	</update>

	<update id="updateViewCnt">
		UPDATE interview_board
		SET i_count = i_count + 1
		WHERE i_no=#{interNo}
	</update>
	
	<delete id="delete">
		DELETE FROM interview_board
		WHERE i_no=#{interNo}
	</delete>


</mapper>