<?xml version="1.0" encoding="UTF-8"?>
<!DOCTYPE mapper PUBLIC "-//mybatis.org//DTD Mapper 3.0//EN"
  "http://mybatis.org/dtd/mybatis-3-mapper.dtd">

<mapper namespace="com.spring.blog.job.mapper.IJobMapper">

	<resultMap type="com.spring.blog.command.JobVO" id="jobInfo">
		<id property="jobNo" column="job_no"/>	
		<result property="jobTitle" column="job_title"/>
		<result property="jobWriter" column="job_writer"/>
		<result property="jobDetail" column="job_detail"/>
		<result property="jobSchedule" column="job_schedule"/>
		<result property="jobRegdate" column="job_regdate"/>
		<result property="jobUpdatedate" column="job_updatedate"/>
		<result property="jobCareer" column="job_career"/>
		<result property="jobJobtype" column="job_jobtype"/>
		<result property="jobCompanytype" column="job_companytype"/>
		<result property="jobCount" column="job_count"/>
		<result property="jobLikecount" column="job_likecount"/>
		<result property="fileRealName" column="file_real_name" />
		<result property="fileName" column="file_name" />
		<result property="uploadPath" column="upload_path"/>
	</resultMap>   
	
	<sql id="search" >
		<if test="condition1 == 'career'">
			WHERE job_career = #{condition2}
		</if>
		<if test="condition1 == 'jobtype'">
			WHERE job_jobtype = #{condition2}
		</if>
		<if test="condition1 == 'companytype'">
			WHERE job_companytype = #{condition2}
		</if>
		<if test="condition1 == 'search'">
			<if test="condition2 == '작성자'">
				WHERE job_writer LIKE '%'||#{keyword}||'%'
			</if>
			<if test="condition2 == '글제목'">
				WHERE job_title LIKE '%'||#{keyword}||'%'
			</if>
			<if test="condition2 == '글내용'">
				WHERE job_detail LIKE '%'||#{keyword}||'%'
			</if>
		</if>
	</sql>
	
	<select id="getList" resultMap="jobInfo" resultType="com.spring.blog.command.JobVO">
		SELECT * FROM
			(
			SELECT ROWNUM as rn, tbl.* FROM
				(
					SELECT * FROM job_table 
					<include refid="search" />
					ORDER BY job_no DESC
				) tbl
			)
		<![CDATA[
		WHERE rn > (#{pageNum} - 1) * #{countPerPage} AND rn <= #{pageNum} * #{countPerPage}
		]]>
	</select>
	
	<select id="getTotal" resultType="int">
		SELECT COUNT(*) FROM job_table
		<include refid="search" />
	</select>
	
	<insert id="regist">
		INSERT INTO job_table (job_no, job_title, job_writer, job_detail, job_schedule, job_career, job_jobtype, job_companytype, file_real_name, file_name, upload_path)
		VALUES (job_no_seq.NEXTVAL, #{jobTitle}, #{jobWriter}, #{jobDetail}, #{jobSchedule}, #{jobCareer}, #{jobJobtype}, #{jobCompanytype}, #{fileRealName}, #{fileName}, #{uploadPath})
	</insert>

	<select id="getDetail" resultMap="jobInfo" resultType="com.spring.blog.command.JobVO">
		SELECT * FROM job_table WHERE job_no = #{jobNo}
	</select>
	
	<update id="update">
		UPDATE job_table SET job_title=#{jobTitle}, job_detail=#{jobDetail}, job_schedule=#{jobSchedule}, job_career=#{jobCareer}, 
							 job_jobtype=#{jobJobtype}, job_companytype=#{jobCompanytype}, file_real_name=#{fileRealName}, file_name=#{fileName}, upload_path=#{uploadPath}
		WHERE job_no = #{jobNo}
	</update>
	
	<delete id="delete">
		DELETE FROM job_table
		WHERE job_no = #{jobNo}
	</delete>

	<update id="viewCount">
		UPDATE job_table SET job_count = job_count + 1
		WHERE job_no = #{jobNo}
	</update>
	
	<select id="getCalendar" resultType="com.spring.blog.command.CalendarVO">
		SELECT EXTRACT(YEAR FROM job_schedule) year, EXTRACT(MONTH FROM job_schedule) month, EXTRACT(DAY FROM job_schedule) day, job_writer schedule, job_no jno
		FROM job_table
	</select>
	
</mapper>