<?xml version="1.0" encoding="UTF-8"?>
<!DOCTYPE mapper
  PUBLIC "-//mybatis.org//DTD Mapper 3.0//EN"
  "http://mybatis.org/dtd/mybatis-3-mapper.dtd">
  
<mapper namespace="com.spring.blog.notice.mapper.INoticeMapper">
  
    <resultMap type="com.spring.blog.command.NoticeVO" id="boardNotice">
      <id property="boardNo" column="b_no"/>
      <result property="boardTitle" column="b_title"/>
      <result property="boardContent" column="b_content"/>
      <result property="boardCount" column="b_count"/> 
      <result property="boardRegistDate" column="b_regist_date"/>        
    </resultMap>      
    
    <insert id="regist">
       INSERT INTO board_notice(b_no, b_title, b_content, b_count)
       VALUES(board_notice_seq.NEXTVAL, #{boardTitle}, #{boardContent}, 0)   
    </insert>
    
    <select id="getList" resultMap="boardNotice">
       SELECT * FROM board_notice 
    </select>
    
    <select id="getContent" resultMap="boardNotice">
       SELECT * FROM board_notice WHERE b_no=#{boardNo}
    </select>
    
    <delete id="delete">
       DELETE FROM board_notice
       WHERE b_no=#{boardNo} 
    </delete>
    
    <update id="update">
       UPDATE board_notice 
       SET b_title=#{boardTitle}, b_content=#{boardContent}, b_regist_date=SYSDATE
       WHERE b_no=#{boardNo}
    </update>
    
    <update id="hitcount" parameterType="int">
        UPDATE board_notice
        SET b_count=b_count+1 WHERE b_no=#{boardNo}
    </update>


</mapper>