<?xml version="1.0" encoding="UTF-8"?>
<!DOCTYPE mapper
  PUBLIC "-//mybatis.org//DTD Mapper 3.0//EN"
  "http://mybatis.org/dtd/mybatis-3-mapper.dtd">
  
<mapper namespace="com.spring.blog.study.mapper.IStudyBoardMapper">

		<resultMap type="com.spring.blog.command.StudyBoardVO" id="StudyMap">
			<id property="stuNo" column="s_no" />
			<result property="stuTitle" column="s_title" />
			<result property="stuWriter" column="s_writer" />
			<result property="stuDetail" column="s_detail" />
			<result property="stuRegdate" column="s_regdate" />
			<result property="stuUpdatedate" column="s_updatedate" />
			<result property="stuArea" column="s_area" />
			<result property="stuCount" column="s_count" />
			<result property="stuLikeCount" column="s_likeCount" />
		</resultMap>

	<sql id="search">
		<if test="condition == 'title'">
			WHERE s_title LIKE '%'||#{keyword}||'%'
		</if>
		<if test="condition == 'content'">
			WHERE s_detail LIKE '%'||#{keyword}||'%'
		</if>
		<if test="condition == 'writer'">
			WHERE s_writer LIKE '%'||#{keyword}||'%'
		</if>
		<if test="condition == 'passCheck'">
			WHERE s_area LIKE '%'||#{keyword}||'%'
		</if>
	</sql>


	<insert id="write">
		INSERT INTO study_board(s_no, s_title, s_writer, s_detail, s_area)
		VALUES(s_no_seq.NEXTVAL, #{stuTitle}, #{stuWriter}, #{stuDetail}, #{stuArea})
	</insert>

	
	<select id="getList"
		resultMap="StudyMap">
		SELECT * FROM
			(
			SELECT ROWNUM as rn, tbl.* FROM
				(
				SELECT * FROM study_board
				<include refid="search" />
				ORDER BY s_no DESC
				) tbl
			)
		<![CDATA[
		WHERE rn > (#{pageNum} - 1) * #{countPerPage}
		AND rn <= #{pageNum} * #{countPerPage}
		]]>
	</select>

	<select id="getTotal" resultType="int">
		SELECT COUNT(*)
		FROM study_board
		<include refid="search" />
	</select>

	<select id="getDetail"
		resultMap="StudyMap">
		SELECT * FROM study_board
		WHERE s_no = #{stuNo}
	</select>

	<update id="update">
		UPDATE study_board
		SET s_title=#{stuTitle},
		s_detail=#{stuDetail}, s_updatedate = SYSDATE,
		s_area=#{stuArea}
		WHERE s_no=#{stuNo}
	</update>

	<update id="updateViewCnt">
		UPDATE study_board
		SET s_count = s_count + 1
		WHERE s_no=#{stuNo}
	</update>
	
	<delete id="delete">
		DELETE FROM study_board
		WHERE s_no=#{stuNo}
	</delete>


</mapper>