<?xml version="1.0" encoding="UTF-8"?>
<beans xmlns="http://www.springframework.org/schema/beans"
	xmlns:xsi="http://www.w3.org/2001/XMLSchema-instance"
	xmlns:mvc="http://www.springframework.org/schema/mvc"
	xsi:schemaLocation="http://www.springframework.org/schema/mvc http://www.springframework.org/schema/mvc/spring-mvc-4.3.xsd
		http://www.springframework.org/schema/beans http://www.springframework.org/schema/beans/spring-beans.xsd">


	<bean id="userLoginSuccessHandler" class="com.spring.blog.util.interceptor.UserLoginSuccessHandler" />
	<bean id="userAuthHandler" class="com.spring.blog.util.interceptor.UserAuthHandler" />
	<bean id="boardAuthHandler" class="com.spring.blog.util.interceptor.BoardAuthHandler" />
	
	<mvc:interceptors>
	
		<!-- 로그인 이후 실행되는 PostHandler -->
		<mvc:interceptor>
			<mvc:mapping path="/user/login"/>
			<ref bean="userLoginSuccessHandler" />
		</mvc:interceptor>
		
		<!-- 로그인 권한을 체크하는 핸들러 -->
		<mvc:interceptor>
			<mvc:mapping path="/board/resume/resumeDetail"/>
			<mvc:mapping path="/board/free/freeDetail"/>
			<mvc:mapping path="/board/study/studyDetail"/>
			<mvc:mapping path="/board/interview/interviewDetail"/>
			<mvc:mapping path="/board/resume/resumeWrite"/>
			<mvc:mapping path="/board/free/freeWrite"/>
			<mvc:mapping path="/board/study/studyWrite"/>
			<mvc:mapping path="/board/interview/interviewWrite"/>
			<mvc:mapping path="/user/userMypage"/> <!-- 마이페이지 화면 -->
			<ref bean="userAuthHandler" />
		</mvc:interceptor>
		
		<!-- 게시판 수정 권한을 체크하는 핸들러 -->
		<!-- <mvc:interceptor>
			<mvc:mapping path="/board/resume/resumeModify"/>
			<mvc:mapping path="/board/free/freeModify"/>
			<mvc:mapping path="/board/study/studyModify"/>
			<mvc:mapping path="/board/interview/interviewModify"/>
			<ref bean="boardAuthHandler" />
		</mvc:interceptor> -->
		
		
	</mvc:interceptors>

</beans>
